asset,price_opened,price_closed,transdate,Daily Rt %,Daily STD %,Annual STD %
VN30F1M,1341.8,1342.0,30/10/2024,0.19,0.56,8.89
VN30F1M,1334.7,1339.4,29/10/2024,0.56,0.57,9.12
VN30F1M,1329.5,1332.0,28/10/2024,0.36,0.58,9.24
VN30F1M,1338.5,1327.2,25/10/2024,-0.81,0.58,9.23
VN30F1M,1352.5,1338.0,24/10/2024,-1.18,0.59,9.37
VN30F1M,1352.4,1354.0,23/10/2024,0.13,0.53,8.45
VN30F1M,1360.0,1352.2,22/10/2024,-0.86,0.54,8.52
VN30F1M,1364.0,1363.9,21/10/2024,-0.15,0.6,9.48
VN30F1M,1374.7,1365.9,18/10/2024,0.56,0.64,10.14
VN30F1M,1358.0,1358.3,17/10/2024,0.27,0.64,10.18
VN30F1M,1355.1,1354.6,16/10/2024,-0.25,0.64,10.19
VN30F1M,1369.7,1358.0,15/10/2024,-0.07,0.64,10.13
VN30F1M,1375.6,1359.0,14/10/2024,-0.56,0.68,10.84
VN30F1M,1364.5,1366.6,11/10/2024,0.03,0.67,10.62
VN30F1M,1363.3,1366.2,10/10/2024,0.58,0.67,10.61
VN30F1M,1344.1,1358.3,9/10/2024,1.24,0.68,10.72
VN30F1M,1340.1,1341.7,8/10/2024,0.13,0.7,11.14
VN30F1M,1347.5,1340.0,7/10/2024,-0.22,0.71,11.21
VN30F1M,1351.9,1343.0,4/10/2024,-0.44,0.71,11.22
VN30F1M,1360.0,1349.0,3/10/2024,-0.6,0.7,11.09
VN30F1M,1353.3,1357.1,2/10/2024,-0.21,0.69,10.89
VN30F1M,1361.3,1360.0,1/10/2024,0.22,0.68,10.84
VN30F1M,1352.6,1357.0,30/09/2024,0.11,0.68,10.83
VN30F1M,1357.7,1355.5,27/09/2024,-0.07,0.68,10.83
VN30F1M,1346.0,1356.4,26/09/2024,0.92,0.69,11.01
VN30F1M,1335.6,1344.0,25/09/2024,0.67,0.68,10.74
VN30F1M,1326.0,1335.0,24/09/2024,0.72,0.68,10.8
VN30F1M,1331.0,1325.5,23/09/2024,-0.34,0.73,11.62
VN30F1M,1329.8,1330.0,20/09/2024,0.99,0.73,11.52
VN30F1M,1314.0,1316.9,19/09/2024,0.38,0.71,11.21
VN30F1M,1305.0,1311.9,18/09/2024,0.47,0.71,11.25
VN30F1M,1283.0,1305.8,17/09/2024,1.86,0.71,11.24
VN30F1M,1297.0,1282.0,16/09/2024,-0.94,0.72,11.47
VN30F1M,1300.0,1294.1,13/09/2024,-0.26,0.71,11.34
VN30F1M,1300.0,1297.5,12/9/2024,0.35,0.71,11.27
VN30F1M,1294.5,1293.0,11/9/2024,-0.09,0.75,11.88
VN30F1M,1310.5,1294.1,10/9/2024,-1.04,1.02,16.25
VN30F1M,1299.1,1307.7,9/9/2024,-0.1,1.0,15.84
VN30F1M,1307.6,1309.0,6/9/2024,0.1,1.1,17.51
VN30F1M,1316.1,1307.7,5/9/2024,-0.48,1.12,17.74
VN30F1M,1320.8,1314.0,4/9/2024,-1.4,1.11,17.68
VN30F1M,1328.9,1332.7,30/08/2024,0.44,1.07,16.98
VN30F1M,1321.1,1326.8,29/08/2024,0.36,1.07,17.03
VN30F1M,1320.6,1322.1,28/08/2024,0.02,1.08,17.16
VN30F1M,1316.9,1321.8,27/08/2024,0.36,1.08,17.17
VN30F1M,1320.8,1317.0,26/08/2024,0.13,1.11,17.66
VN30F1M,1311.6,1315.3,23/08/2024,0.08,1.11,17.66
VN30F1M,1312.7,1314.2,22/08/2024,0.14,1.11,17.67
VN30F1M,1300.8,1312.4,21/08/2024,0.8,1.12,17.73
VN30F1M,1301.6,1302.0,20/08/2024,0.31,1.11,17.55
VN30F1M,1289.0,1298.0,19/08/2024,0.78,1.11,17.55
VN30F1M,1271.6,1288.0,16/08/2024,1.6,1.09,17.36
VN30F1M,1268.0,1267.7,15/08/2024,-0.02,1.04,16.54
VN30F1M,1270.9,1268.0,14/08/2024,0.08,1.04,16.55
VN30F1M,1269.0,1267.0,13/08/2024,-0.24,1.05,16.67
VN30F1M,1262.5,1270.0,12/8/2024,0.4,1.06,16.79
VN30F1M,1249.0,1264.9,9/8/2024,2.0,1.05,16.7
VN30F1M,1248.3,1240.1,8/8/2024,-0.79,0.97,15.33
VN30F1M,1252.2,1250.0,7/8/2024,0.03,0.96,15.24
VN30F1M,1244.8,1249.6,6/8/2024,1.35,0.98,15.62
VN30F1M,1257.0,1233.0,5/8/2024,-3.3,0.95,15.16
VN30F1M,1265.3,1275.1,2/8/2024,0.01,0.72,11.38
VN30F1M,1306.0,1275.0,1/8/2024,-2.25,0.75,11.95
VN30F1M,1292.0,1304.3,31/07/2024,0.92,0.6,9.47
VN30F1M,1286.1,1292.4,30/07/2024,0.36,0.57,9.03
VN30F1M,1289.9,1287.8,29/07/2024,0.22,0.57,8.99
VN30F1M,1278.6,1285.0,26/07/2024,0.66,0.72,11.5
VN30F1M,1275.2,1276.6,25/07/2024,-0.54,0.71,11.22
VN30F1M,1283.3,1283.5,24/07/2024,-0.05,0.71,11.32
VN30F1M,1301.4,1284.2,23/07/2024,-1.22,0.73,11.57
VN30F1M,1291.3,1300.0,22/07/2024,0.22,0.69,10.94
VN30F1M,1304.5,1297.1,19/07/2024,-0.03,0.7,11.1
VN30F1M,1303.2,1297.5,18/07/2024,-0.44,0.75,11.83
VN30F1M,1309.0,1303.2,17/07/2024,0.04,0.75,11.86
VN30F1M,1301.5,1302.7,16/07/2024,0.28,0.85,13.53
VN30F1M,1302.0,1299.0,15/07/2024,-0.08,0.85,13.57
VN30F1M,1304.9,1300.0,12/7/2024,-0.44,0.86,13.59
VN30F1M,1316.0,1305.7,11/7/2024,-0.33,0.86,13.71
VN30F1M,1318.9,1310.0,10/7/2024,-0.8,0.86,13.68
VN30F1M,1316.1,1320.5,9/7/2024,0.49,0.84,13.4
VN30F1M,1317.0,1314.0,8/7/2024,-0.17,0.84,13.34
VN30F1M,1308.5,1316.3,5/7/2024,0.59,0.9,14.27
VN30F1M,1307.0,1308.6,4/7/2024,0.12,0.89,14.2
VN30F1M,1297.1,1307.0,3/7/2024,0.91,0.91,14.38
VN30F1M,1284.7,1295.2,2/7/2024,0.79,0.92,14.64
VN30F1M,1277.2,1285.0,1/7/2024,0.84,0.94,14.99
VN30F1M,1291.6,1274.3,28/06/2024,-1.14,0.93,14.76
VN30F1M,1285.0,1289.0,27/06/2024,-0.08,0.97,15.32
VN30F1M,1288.0,1290.0,26/06/2024,0.18,0.97,15.45
VN30F1M,1294.0,1287.7,25/06/2024,-0.23,1.02,16.16
VN30F1M,1314.0,1290.7,24/06/2024,-2.29,1.02,16.17
VN30F1M,1322.6,1320.9,21/06/2024,-0.21,0.91,14.39
VN30F1M,1317.6,1323.7,20/06/2024,0.51,0.91,14.38
VN30F1M,1309.9,1317.0,19/06/2024,0.65,0.97,15.42
VN30F1M,1312.2,1308.5,18/06/2024,0.04,0.98,15.54
VN30F1M,1315.5,1308.0,17/06/2024,-0.68,0.99,15.64
VN30F1M,1333.5,1317.0,14/06/2024,-1.35,0.98,15.49
VN30F1M,1331.0,1335.0,13/06/2024,0.32,0.92,14.68
VN30F1M,1302.2,1330.7,12/6/2024,1.97,0.95,15.0
VN30F1M,1315.0,1305.0,11/6/2024,-0.45,0.87,13.77
VN30F1M,1313.0,1310.9,10/6/2024,0.22,0.86,13.7
VN30F1M,1306.0,1308.0,7/6/2024,0.72,0.91,14.51
VN30F1M,1295.5,1298.7,6/6/2024,0.29,0.91,14.46
VN30F1M,1301.4,1295.0,5/6/2024,0.0,0.92,14.6
VN30F1M,1292.9,1295.0,4/6/2024,0.27,0.92,14.6
VN30F1M,1282.7,1291.5,3/6/2024,1.69,0.92,14.61
VN30F1M,1270.5,1270.0,31/05/2024,0.0,0.87,13.83
VN30F1M,1269.9,1270.0,30/05/2024,-0.59,0.99,15.72
VN30F1M,1292.0,1277.5,29/05/2024,-1.16,0.98,15.62
VN30F1M,1279.7,1292.5,28/05/2024,1.28,0.96,15.16
VN30F1M,1279.8,1276.2,27/05/2024,-0.12,1.03,16.37
VN30F1M,1293.4,1277.7,24/05/2024,-1.72,1.07,16.98
VN30F1M,1288.8,1300.0,23/05/2024,0.6,1.01,15.99
VN30F1M,1310.3,1292.2,22/05/2024,-1.52,1.29,20.48
VN30F1M,1307.7,1312.1,21/05/2024,0.15,1.3,20.58
VN30F1M,1315.0,1310.1,20/05/2024,0.17,1.3,20.58
VN30F1M,1306.8,1307.9,17/05/2024,-0.15,1.3,20.64
VN30F1M,1295.8,1309.8,16/05/2024,1.84,1.31,20.72
VN30F1M,1277.3,1286.1,15/05/2024,0.92,1.26,19.98
VN30F1M,1269.8,1274.4,14/05/2024,0.66,1.27,20.11
VN30F1M,1272.0,1266.0,13/05/2024,-0.35,1.26,20.08
VN30F1M,1274.2,1270.4,10/5/2024,0.11,1.29,20.54
VN30F1M,1277.0,1269.0,9/5/2024,-0.78,1.29,20.53
VN30F1M,1273.0,1279.0,8/5/2024,0.24,1.29,20.47
VN30F1M,1273.0,1276.0,7/5/2024,0.47,1.29,20.54
VN30F1M,1256.4,1270.0,6/5/2024,1.63,1.33,21.06
VN30F1M,1250.0,1249.6,3/5/2024,0.58,1.28,20.35
VN30F1M,1230.2,1242.4,2/5/2024,0.81,1.3,20.7
VN30F1M,1221.5,1232.4,29/04/2024,0.0,1.31,20.79
VN30F1M,1221.5,1232.4,26/04/2024,0.44,1.32,20.96
VN30F1M,1226.2,1227.0,25/04/2024,-0.28,1.36,21.61
VN30F1M,1208.0,1230.5,24/04/2024,2.49,1.43,22.65
VN30F1M,1210.0,1200.6,23/04/2024,-0.39,1.33,21.12
VN30F1M,1200.0,1205.3,22/04/2024,1.14,1.4,22.25
VN30F1M,1200.1,1191.7,19/04/2024,-1.89,1.38,21.83
VN30F1M,1233.8,1214.6,17/04/2024,-1.25,1.34,21.23
VN30F1M,1234.9,1230.0,16/04/2024,-0.51,1.42,22.58
VN30F1M,1281.5,1236.3,15/04/2024,-3.86,1.43,22.64
VN30F1M,1265.5,1286.0,12/4/2024,1.82,1.24,19.69
VN30F1M,1250.8,1263.0,11/4/2024,0.23,1.23,19.51
VN30F1M,1265.0,1260.1,10/4/2024,-0.32,1.23,19.57
VN30F1M,1258.0,1264.2,9/4/2024,0.8,1.24,19.76
VN30F1M,1256.1,1254.2,8/4/2024,0.17,1.24,19.76
VN30F1M,1254.0,1252.1,5/4/2024,-1.02,1.24,19.75
VN30F1M,1275.6,1265.0,4/4/2024,-0.54,1.23,19.51
VN30F1M,1284.8,1271.9,3/4/2024,-1.4,1.22,19.45
VN30F1M,1285.0,1290.0,2/4/2024,-0.03,1.25,19.85
VN30F1M,1292.2,1290.4,1/4/2024,-0.59,1.26,19.96
VN30F1M,1306.7,1298.1,29/03/2024,-0.67,1.25,19.8
VN30F1M,1294.0,1306.9,28/03/2024,1.47,1.26,20.01
VN30F1M,1286.0,1288.0,27/03/2024,0.23,1.24,19.61
VN30F1M,1268.0,1285.0,26/03/2024,1.27,1.24,19.62
VN30F1M,1281.0,1268.9,25/03/2024,-1.21,1.21,19.27
VN30F1M,1287.0,1284.5,22/03/2024,0.69,1.19,18.85
VN30F1M,1260.2,1275.7,21/03/2024,1.61,1.2,19.05
VN30F1M,1233.0,1255.5,20/03/2024,2.07,1.16,18.48
VN30F1M,1232.8,1230.0,19/03/2024,-0.07,1.12,17.74
VN30F1M,1257.9,1230.9,18/03/2024,-2.31,1.12,17.73
VN30F1M,1257.1,1260.0,15/03/2024,-0.06,1.05,16.65
VN30F1M,1271.6,1260.8,14/03/2024,-0.83,1.05,16.62
VN30F1M,1241.0,1271.3,13/03/2024,2.54,1.02,16.22
VN30F1M,1232.9,1239.8,12/3/2024,0.71,0.96,15.26
VN30F1M,1250.3,1231.0,11/3/2024,-1.82,0.95,15.15
VN30F1M,1274.5,1253.8,8/3/2024,-1.54,0.87,13.77
VN30F1M,1267.8,1273.4,7/3/2024,0.52,0.79,12.5
VN30F1M,1276.9,1266.8,6/3/2024,-0.92,0.79,12.52
VN30F1M,1267.0,1278.5,5/3/2024,0.8,0.76,12.04
VN30F1M,1270.2,1268.4,4/3/2024,0.13,0.78,12.45
VN30F1M,1265.0,1266.8,1/3/2024,0.32,0.78,12.45
VN30F1M,1266.2,1262.8,29/02/2024,-0.27,0.82,13.03
VN30F1M,1242.9,1266.2,28/02/2024,2.03,0.81,12.92
VN30F1M,1231.0,1241.0,27/02/2024,0.87,0.75,11.9
VN30F1M,1228.8,1230.3,26/02/2024,0.42,0.75,11.86
VN30F1M,1240.5,1225.1,23/02/2024,-1.04,0.75,11.95
VN30F1M,1240.1,1238.0,22/02/2024,-0.16,0.71,11.3
VN30F1M,1235.2,1240.0,21/02/2024,-0.02,0.71,11.24
VN30F1M,1241.4,1240.2,20/02/2024,-0.02,0.71,11.24
VN30F1M,1231.6,1240.5,19/02/2024,0.69,0.71,11.21
VN30F1M,1225.6,1232.0,16/02/2024,1.17,0.71,11.28
VN30F1M,1224.9,1217.8,15/02/2024,-0.1,0.69,11.03
VN30F1M,1206.7,1219.0,7/2/2024,1.25,0.7,11.09
VN30F1M,1201.4,1203.9,6/2/2024,0.12,0.7,11.14
VN30F1M,1182.6,1202.5,5/2/2024,1.81,0.7,11.19
VN30F1M,1179.9,1181.1,2/2/2024,0.33,0.62,9.9
VN30F1M,1168.9,1177.2,1/2/2024,0.53,0.67,10.68
VN30F1M,1186.2,1171.0,31/01/2024,-1.26,0.68,10.8
VN30F1M,1184.0,1186.0,30/01/2024,0.2,0.61,9.76
VN30F1M,1188.6,1183.6,29/01/2024,-0.29,0.67,10.62
VN30F1M,1182.9,1187.0,26/01/2024,0.55,0.66,10.44
VN30F1M,1181.0,1180.5,25/01/2024,-0.02,0.66,10.51
VN30F1M,1183.4,1180.7,24/01/2024,-0.28,0.66,10.47
VN30F1M,1192.7,1184.0,23/01/2024,-0.84,0.66,10.41
VN30F1M,1194.8,1194.0,22/01/2024,0.34,0.72,11.51
VN30F1M,1181.0,1190.0,19/01/2024,1.47,0.74,11.75
VN30F1M,1168.1,1172.8,18/01/2024,0.58,0.71,11.23
VN30F1M,1171.1,1166.0,17/01/2024,-0.51,0.75,11.88
VN30F1M,1158.0,1172.0,16/01/2024,0.8,0.74,11.67
VN30F1M,1168.9,1162.7,15/01/2024,-0.27,0.73,11.53
VN30F1M,1165.9,1165.9,12/1/2024,-0.19,0.72,11.45
VN30F1M,1165.0,1168.1,11/1/2024,0.43,0.72,11.39
VN30F1M,1162.8,1163.1,10/1/2024,0.01,0.74,11.72
VN30F1M,1166.0,1163.0,9/1/2024,0.09,0.76,12.09
VN30F1M,1166.4,1162.0,8/1/2024,-0.34,0.81,12.82
VN30F1M,1156.1,1166.0,5/1/2024,0.82,0.82,13.07
VN30F1M,1146.0,1156.5,4/1/2024,0.71,0.89,14.15
VN30F1M,1130.5,1148.3,3/1/2024,1.31,0.89,14.08
VN30F1M,1138.5,1133.5,2/1/2024,-0.1,0.87,13.88
VN30F1M,1133.2,1134.6,29/12/2023,0.15,0.9,14.23
VN30F1M,1118.3,1132.9,28/12/2023,1.43,0.9,14.26
VN30F1M,1121.8,1116.9,27/12/2023,-0.41,1.05,16.69
VN30F1M,1115.4,1121.5,26/12/2023,0.58,1.05,16.63
VN30F1M,1096.3,1115.0,25/12/2023,1.58,1.05,16.73
VN30F1M,1100.0,1097.7,22/12/2023,0.27,1.01,15.97
VN30F1M,1093.5,1094.7,21/12/2023,-0.13,1.06,16.9
VN30F1M,1092.0,1096.1,20/12/2023,0.44,1.07,17.03
VN30F1M,1082.0,1091.3,19/12/2023,0.86,1.1,17.5
VN30F1M,1097.8,1082.0,18/12/2023,-1.57,1.12,17.71
VN30F1M,1105.4,1099.3,15/12/2023,-0.42,1.07,17.02
VN30F1M,1112.8,1103.9,14/12/2023,-0.28,1.11,17.59
VN30F1M,1123.0,1107.0,13/12/2023,-1.05,1.12,17.73
VN30F1M,1121.5,1118.8,12/12/2023,0.16,1.31,20.8
VN30F1M,1115.6,1117.0,11/12/2023,0.45,1.33,21.07
VN30F1M,1112.0,1112.0,8/12/2023,0.0,1.37,21.72
VN30F1M,1109.5,1112.0,7/12/2023,0.08,1.37,21.72
VN30F1M,1103.2,1111.1,6/12/2023,1.1,1.55,24.65
VN30F1M,1105.6,1099.0,5/12/2023,-0.72,1.55,24.55
VN30F1M,1097.0,1107.0,4/12/2023,1.55,1.53,24.36
VN30F1M,1081.0,1090.1,1/12/2023,1.31,1.62,25.67
VN30F1M,1090.1,1076.0,30/11/2023,-1.47,1.6,25.47
VN30F1M,1087.0,1092.1,29/11/2023,0.47,1.82,28.87
VN30F1M,1077.4,1087.0,28/11/2023,1.02,1.82,28.82
VN30F1M,1084.0,1076.0,27/11/2023,-0.82,1.81,28.7
VN30F1M,1083.0,1084.9,24/11/2023,0.45,1.81,28.78
VN30F1M,1118.3,1080.0,23/11/2023,-2.88,1.81,28.78
VN30F1M,1111.8,1112.0,22/11/2023,0.09,1.73,27.52
VN30F1M,1108.0,1111.0,21/11/2023,0.82,1.77,28.13
VN30F1M,1081.9,1102.0,20/11/2023,-0.27,1.76,27.97
VN30F1M,1142.0,1105.0,17/11/2023,-1.8,1.78,28.19
VN30F1M,1128.4,1125.3,16/11/2023,-0.77,1.74,27.68
VN30F1M,1141.0,1134.0,15/11/2023,1.25,1.74,27.61
VN30F1M,1115.9,1120.0,14/11/2023,1.17,1.73,27.41
VN30F1M,1109.1,1107.0,13/11/2023,-0.14,1.72,27.35
VN30F1M,1115.0,1108.5,10/11/2023,-1.47,1.73,27.44
VN30F1M,1135.1,1125.0,9/11/2023,-0.79,1.74,27.58
VN30F1M,1094.5,1134.0,8/11/2023,3.52,1.74,27.69
VN30F1M,1101.6,1095.4,7/11/2023,-0.96,1.59,25.16
VN30F1M,1095.9,1106.0,6/11/2023,1.75,1.68,26.72
VN30F1M,1092.1,1087.0,3/11/2023,0.0,1.64,26.06
VN30F1M,1057.5,1087.0,2/11/2023,3.77,1.64,26.05
VN30F1M,1046.8,1047.5,1/11/2023,0.75,1.41,22.41
VN30F1M,1043.9,1039.7,31/10/2023,-0.02,1.4,22.21
VN30F1M,1059.8,1039.9,30/10/2023,-2.68,1.4,22.18
VN30F1M,1065.1,1068.5,27/10/2023,0.8,1.39,22.03
VN30F1M,1102.2,1060.0,26/10/2023,-4.44,1.41,22.4
VN30F1M,1116.3,1109.2,25/10/2023,-0.25,1.16,18.42
VN30F1M,1109.0,1112.0,24/10/2023,0.64,1.18,18.81
VN30F1M,1116.9,1104.9,23/10/2023,-1.08,1.17,18.55
VN30F1M,1101.0,1117.0,20/10/2023,0.45,1.18,18.76
VN30F1M,1124.0,1112.0,19/10/2023,-1.16,1.18,18.75
VN30F1M,1139.0,1125.0,18/10/2023,-1.88,1.17,18.64
VN30F1M,1151.4,1146.5,17/10/2023,0.0,1.14,18.1
VN30F1M,1158.0,1146.5,16/10/2023,-1.26,1.23,19.5
VN30F1M,1155.0,1161.1,13/10/2023,-0.03,1.23,19.56
VN30F1M,1168.6,1161.5,12/10/2023,-0.39,1.23,19.54
VN30F1M,1157.0,1166.0,11/10/2023,0.78,1.23,19.57
VN30F1M,1156.0,1157.0,10/10/2023,1.05,1.28,20.26
VN30F1M,1136.4,1145.0,9/10/2023,0.58,1.27,20.09
VN30F1M,1122.5,1138.4,6/10/2023,1.64,1.27,20.15
VN30F1M,1133.0,1120.0,5/10/2023,-1.1,1.24,19.62
VN30F1M,1121.8,1132.5,4/10/2023,0.11,1.23,19.47
VN30F1M,1158.8,1131.3,3/10/2023,-3.04,1.27,20.14
VN30F1M,1162.5,1166.8,2/10/2023,0.53,1.12,17.84
VN30F1M,1165.7,1160.6,29/09/2023,-0.16,1.16,18.43
VN30F1M,1165.5,1162.5,28/09/2023,-0.1,1.19,18.83
VN30F1M,1152.1,1163.7,27/09/2023,0.31,1.19,18.91
VN30F1M,1161.0,1160.1,26/09/2023,-0.21,1.19,18.89
VN30F1M,1186.1,1162.5,25/09/2023,-2.52,1.57,24.97
VN30F1M,1200.1,1192.6,22/09/2023,-2.29,1.5,23.85
VN30F1M,1230.0,1220.6,21/09/2023,-0.89,1.46,23.16
VN30F1M,1222.9,1231.6,20/09/2023,0.79,1.45,23.0
VN30F1M,1225.1,1222.0,19/09/2023,0.0,1.44,22.85
VN30F1M,1236.0,1222.0,18/09/2023,-1.49,1.46,23.14
VN30F1M,1238.3,1240.5,15/09/2023,0.45,1.44,22.92
VN30F1M,1246.3,1235.0,14/09/2023,-0.8,1.45,22.97
VN30F1M,1257.0,1245.0,13/09/2023,-0.95,1.44,22.83
VN30F1M,1230.2,1257.0,12/9/2023,1.95,1.45,22.95
VN30F1M,1259.0,1233.0,11/9/2023,-1.35,1.46,23.15
VN30F1M,1255.1,1249.9,8/9/2023,-0.42,1.44,22.85
VN30F1M,1262.1,1255.2,7/9/2023,-0.62,1.44,22.8
VN30F1M,1240.8,1263.0,6/9/2023,1.65,1.45,23.04
VN30F1M,1237.7,1242.5,5/9/2023,0.77,1.47,23.31
VN30F1M,1224.0,1233.0,31/08/2023,0.72,1.48,23.56
VN30F1M,1214.4,1224.2,30/08/2023,1.02,1.48,23.51
VN30F1M,1213.6,1211.8,29/08/2023,0.07,1.47,23.32
VN30F1M,1201.6,1211.0,28/08/2023,1.38,1.47,23.33
VN30F1M,1195.1,1194.5,25/08/2023,-0.29,1.45,22.98
VN30F1M,1183.6,1198.0,24/08/2023,1.47,1.48,23.54
VN30F1M,1202.0,1180.6,23/08/2023,-1.29,1.46,23.11
VN30F1M,1194.0,1196.0,22/08/2023,0.43,1.43,22.69
VN30F1M,1185.1,1190.9,21/08/2023,0.24,1.43,22.67
VN30F1M,1238.1,1188.0,18/08/2023,-5.23,1.43,22.67
VN30F1M,1252.5,1253.5,17/08/2023,-0.14,0.9,14.31
VN30F1M,1245.5,1255.3,16/08/2023,1.15,0.91,14.45
VN30F1M,1241.8,1241.0,15/08/2023,0.15,0.9,14.22
VN30F1M,1242.4,1239.1,14/08/2023,-0.03,0.9,14.23
VN30F1M,1230.0,1239.5,11/8/2023,1.1,0.9,14.32
VN30F1M,1238.0,1226.0,10/8/2023,-1.13,0.89,14.2
VN30F1M,1248.0,1240.0,9/8/2023,-0.64,0.87,13.79
VN30F1M,1254.5,1248.0,8/8/2023,-0.18,0.84,13.4
VN30F1M,1237.9,1250.2,7/8/2023,1.26,0.83,13.26
VN30F1M,1211.8,1234.6,4/8/2023,2.17,0.82,13.04
VN30F1M,1216.8,1208.4,3/8/2023,-0.79,0.74,11.67
VN30F1M,1221.0,1218.0,2/8/2023,-0.16,0.8,12.62
VN30F1M,1235.2,1220.0,1/8/2023,-1.15,0.79,12.58
VN30F1M,1214.0,1234.2,31/07/2023,2.0,0.73,11.6
VN30F1M,1191.8,1210.0,28/07/2023,1.36,0.65,10.29
VN30F1M,1198.0,1193.8,27/07/2023,-0.27,0.61,9.72
VN30F1M,1194.0,1197.0,26/07/2023,0.25,0.61,9.65
VN30F1M,1193.2,1194.0,25/07/2023,0.22,0.67,10.62
VN30F1M,1185.0,1191.4,24/07/2023,0.55,0.67,10.66
VN30F1M,1164.9,1184.9,21/07/2023,1.7,0.69,11.0
VN30F1M,1163.9,1165.1,20/07/2023,0.09,0.65,10.31
VN30F1M,1168.0,1164.1,19/07/2023,-0.08,0.66,10.4
VN30F1M,1162.0,1165.0,18/07/2023,0.28,0.66,10.49
VN30F1M,1160.4,1161.8,17/07/2023,-0.03,0.67,10.59
VN30F1M,1158.5,1162.1,14/07/2023,0.61,0.69,11.02
VN30F1M,1146.0,1155.0,13/07/2023,1.16,0.69,11.01
VN30F1M,1139.3,1141.8,12/7/2023,0.33,0.7,11.07
VN30F1M,1139.0,1138.0,11/7/2023,0.13,0.7,11.05
VN30F1M,1126.0,1136.5,10/7/2023,1.02,0.71,11.25
VN30F1M,1114.0,1125.0,7/7/2023,0.81,0.7,11.08
VN30F1M,1122.5,1116.0,6/7/2023,-0.71,0.72,11.48
VN30F1M,1123.0,1124.0,5/7/2023,0.09,0.7,11.09
VN30F1M,1116.0,1123.0,4/7/2023,0.49,0.71,11.34
VN30F1M,1120.7,1117.5,3/7/2023,0.02,0.71,11.31
VN30F1M,1115.6,1117.3,30/06/2023,0.21,0.73,11.65
VN30F1M,1132.2,1115.0,29/06/2023,-1.54,0.74,11.68
VN30F1M,1127.0,1132.4,28/06/2023,0.64,0.64,10.16
VN30F1M,1125.5,1125.2,27/06/2023,0.2,0.65,10.26
VN30F1M,1118.0,1123.0,26/06/2023,0.35,0.67,10.56
VN30F1M,1114.2,1119.1,23/06/2023,0.46,0.66,10.56
VN30F1M,1115.0,1114.0,22/06/2023,-0.13,0.71,11.29
VN30F1M,1101.8,1115.5,21/06/2023,1.69,0.72,11.47
VN30F1M,1096.0,1097.0,20/06/2023,0.05,0.65,10.39
VN30F1M,1100.1,1096.5,19/06/2023,-0.55,0.65,10.39
VN30F1M,1104.2,1102.6,16/06/2023,-0.6,0.64,10.16
VN30F1M,1109.5,1109.3,15/06/2023,-0.25,0.66,10.45
VN30F1M,1115.7,1112.1,14/06/2023,-0.3,0.65,10.34
VN30F1M,1109.0,1115.5,13/06/2023,0.65,0.65,10.34
VN30F1M,1098.3,1108.3,12/6/2023,1.19,0.65,10.29
VN30F1M,1090.0,1095.3,9/6/2023,0.58,0.63,9.99
VN30F1M,1099.1,1089.0,8/6/2023,-0.82,0.63,9.99
VN30F1M,1099.0,1098.0,7/6/2023,0.17,0.62,9.89
VN30F1M,1085.1,1096.1,6/6/2023,0.82,0.63,10.02
VN30F1M,1082.8,1087.2,5/6/2023,0.78,0.63,9.93
VN30F1M,1069.5,1078.8,2/6/2023,1.3,0.62,9.87
VN30F1M,1062.0,1065.0,1/6/2023,0.23,0.62,9.82
VN30F1M,1067.8,1062.6,31/05/2023,-0.52,0.62,9.81
VN30F1M,1069.5,1068.2,30/05/2023,0.02,0.67,10.62
VN30F1M,1059.9,1068.0,29/05/2023,1.09,0.67,10.63
VN30F1M,1057.8,1056.5,26/05/2023,-0.05,0.65,10.35
VN30F1M,1054.0,1057.0,25/05/2023,0.09,0.65,10.36
VN30F1M,1061.6,1056.1,24/05/2023,-0.32,0.65,10.36
VN30F1M,1067.4,1059.5,23/05/2023,-0.54,0.66,10.51
VN30F1M,1062.9,1065.3,22/05/2023,0.26,0.66,10.47
VN30F1M,1064.9,1062.5,19/05/2023,-1.09,0.66,10.43
VN30F1M,1067.0,1074.2,18/05/2023,0.86,0.62,9.89
VN30F1M,1065.8,1065.0,17/05/2023,-0.19,0.6,9.5
VN30F1M,1068.3,1067.0,16/05/2023,0.05,0.6,9.51
VN30F1M,1068.0,1066.5,15/05/2023,0.15,0.63,10.02
VN30F1M,1050.2,1064.9,12/5/2023,1.26,0.64,10.09
VN30F1M,1051.6,1051.6,11/5/2023,0.1,0.57,9.11
VN30F1M,1043.0,1050.6,10/5/2023,0.81,0.67,10.6
VN30F1M,1041.9,1042.2,9/5/2023,0.04,0.64,10.24
VN30F1M,1037.5,1041.8,8/5/2023,0.8,0.67,10.61
VN30F1M,1032.1,1033.5,5/5/2023,-0.14,0.65,10.36
VN30F1M,1041.9,1035.0,4/5/2023,-0.72,0.66,10.46
VN30F1M,1039.0,1042.5,28/04/2023,0.72,0.65,10.31
VN30F1M,1036.4,1035.0,27/04/2023,-0.24,0.64,10.12
VN30F1M,1028.9,1037.5,26/04/2023,0.66,0.64,10.18
VN30F1M,1042.0,1030.7,25/04/2023,-0.98,0.63,10.04
VN30F1M,1038.0,1040.9,24/04/2023,0.09,0.62,9.79
VN30F1M,1047.8,1040.0,21/04/2023,-1.32,0.76,12.11
VN30F1M,1055.0,1053.9,20/04/2023,-0.1,0.71,11.33
VN30F1M,1063.0,1055.0,19/04/2023,-0.75,0.81,12.87
VN30F1M,1065.4,1063.0,18/04/2023,-0.14,0.93,14.79
VN30F1M,1063.5,1064.5,17/04/2023,0.13,0.95,15.16
VN30F1M,1072.0,1063.1,14/04/2023,-0.64,0.96,15.17
VN30F1M,1074.5,1070.0,13/04/2023,-0.47,0.95,15.01
VN30F1M,1077.9,1075.0,12/4/2023,-0.09,0.97,15.32
VN30F1M,1070.0,1076.0,11/4/2023,0.3,0.98,15.52
VN30F1M,1075.5,1072.8,10/4/2023,-0.21,1.03,16.32
VN30F1M,1076.0,1075.1,7/4/2023,0.2,1.02,16.26
VN30F1M,1083.8,1073.0,6/4/2023,-1.02,1.11,17.59
VN30F1M,1081.8,1084.1,5/4/2023,0.36,1.1,17.43
VN30F1M,1085.0,1080.2,4/4/2023,-0.26,1.18,18.75
VN30F1M,1082.0,1083.0,3/4/2023,1.59,1.18,18.76
VN30F1M,1064.5,1066.0,31/03/2023,0.14,1.17,18.59
VN30F1M,1060.9,1064.5,30/03/2023,0.8,1.3,20.68
VN30F1M,1049.8,1056.0,29/03/2023,0.43,1.3,20.57
VN30F1M,1052.6,1051.5,28/03/2023,0.4,1.43,22.69
VN30F1M,1045.5,1047.3,27/03/2023,0.4,1.44,22.85
VN30F1M,1041.9,1043.1,24/03/2023,0.4,1.63,25.9
VN30F1M,1027.0,1038.9,23/03/2023,0.43,1.63,25.88
VN30F1M,1038.1,1034.5,22/03/2023,0.39,1.66,26.29
VN30F1M,1028.0,1030.5,21/03/2023,0.79,1.66,26.33
VN30F1M,1040.0,1022.4,20/03/2023,-2.17,1.66,26.3
VN30F1M,1056.3,1045.1,17/03/2023,0.2,1.6,25.43
VN30F1M,1058.0,1043.0,16/03/2023,-1.88,1.62,25.68
VN30F1M,1051.3,1063.0,15/03/2023,2.42,1.6,25.36
VN30F1M,1043.8,1037.9,14/03/2023,-0.96,1.52,24.11
VN30F1M,1043.5,1048.0,13/03/2023,-0.17,1.56,24.83
VN30F1M,1042.9,1049.8,10/3/2023,-0.09,1.58,25.01
VN30F1M,1042.7,1050.7,9/3/2023,1.22,1.58,25.05
VN30F1M,1017.0,1038.0,8/3/2023,0.98,1.55,24.66
VN30F1M,1020.0,1027.9,7/3/2023,1.77,1.65,26.17
VN30F1M,1013.6,1010.0,6/3/2023,0.48,1.63,25.86
VN30F1M,1028.0,1005.2,3/3/2023,-1.84,1.64,25.96
VN30F1M,1031.0,1024.0,2/3/2023,-0.78,1.62,25.71
VN30F1M,1003.6,1032.0,1/3/2023,2.38,1.62,25.76
VN30F1M,1014.5,1008.0,28/02/2023,-0.3,1.55,24.55
VN30F1M,1017.4,1011.0,27/02/2023,-0.88,1.68,26.72
VN30F1M,1045.0,1020.0,24/02/2023,-2.67,1.69,26.75
VN30F1M,1045.8,1048.0,23/02/2023,0.4,1.61,25.48
VN30F1M,1064.8,1043.8,22/02/2023,-3.0,1.6,25.46
VN30F1M,1089.6,1076.1,21/02/2023,-1.09,1.49,23.58
VN30F1M,1050.0,1088.0,20/02/2023,3.72,1.47,23.26
VN30F1M,1051.0,1049.0,17/02/2023,-0.31,1.26,20.04
VN30F1M,1041.0,1052.3,16/02/2023,1.48,1.26,20.03
VN30F1M,1031.0,1037.0,15/02/2023,0.59,1.24,19.76
VN30F1M,1041.0,1030.9,14/02/2023,-0.74,1.24,19.67
VN30F1M,1042.9,1038.6,13/02/2023,-0.61,1.48,23.48
VN30F1M,1056.9,1045.0,10/2/2023,-1.14,1.48,23.55
VN30F1M,1068.6,1057.0,9/2/2023,-1.4,1.5,23.79
VN30F1M,1070.0,1072.0,8/2/2023,0.44,1.46,23.23
VN30F1M,1091.1,1067.3,7/2/2023,-2.14,1.48,23.54
VN30F1M,1078.0,1090.6,6/2/2023,0.8,1.73,27.4
VN30F1M,1093.5,1081.9,3/2/2023,-0.56,1.72,27.37
VN30F1M,1090.0,1088.0,2/2/2023,-0.05,1.72,27.26
VN30F1M,1129.9,1088.5,1/2/2023,-3.24,1.72,27.36
VN30F1M,1108.4,1125.0,31/01/2023,1.37,1.62,25.69
VN30F1M,1125.0,1109.8,30/01/2023,-1.53,1.64,26.01
VN30F1M,1138.9,1127.0,27/01/2023,0.54,1.61,25.48
VN30F1M,1114.4,1121.0,19/01/2023,0.33,1.61,25.48
VN30F1M,1103.6,1117.3,18/01/2023,0.93,1.61,25.48
VN30F1M,1080.0,1107.0,17/01/2023,2.96,1.65,26.16
VN30F1M,1070.7,1075.2,16/01/2023,0.57,1.7,26.91
VN30F1M,1071.0,1069.1,13/01/2023,0.37,1.71,27.22
VN30F1M,1067.0,1065.2,12/1/2023,0.24,1.71,27.21
VN30F1M,1061.9,1062.7,11/1/2023,0.58,1.72,27.28
VN30F1M,1051.1,1056.6,10/1/2023,0.28,2.02,32.02
VN30F1M,1059.0,1053.6,9/1/2023,0.25,2.02,32.02
VN30F1M,1053.5,1051.0,6/1/2023,-0.27,2.47,39.27
VN30F1M,1045.0,1053.8,5/1/2023,1.06,2.47,39.25
VN30F1M,1046.1,1042.7,4/1/2023,-0.27,2.47,39.29
VN30F1M,999.8,1045.5,3/1/2023,4.08,2.51,39.8
VN30F1M,997.9,1004.5,30/12/2022,1.16,2.43,38.52
VN30F1M,1003.0,993.0,29/12/2022,-1.49,2.49,39.6
VN30F1M,998.0,1008.0,28/12/2022,0.7,,
VN30F1M,990.0,1001.0,27/12/2022,1.48,,
VN30F1M,1030.3,986.4,26/12/2022,-4.68,,
VN30F1M,1031.1,1034.8,23/12/2022,-0.28,,
VN30F1M,1043.5,1037.7,22/12/2022,0.07,,
VN30F1M,1030.0,1037.0,21/12/2022,0.97,,
VN30F1M,1041.5,1027.0,20/12/2022,-1.72,,
VN30F1M,1053.3,1045.0,19/12/2022,-1.42,,
VN30F1M,1059.2,1060.0,16/12/2022,-0.48,,
VN30F1M,1059.4,1065.1,15/12/2022,0.52,,
VN30F1M,1068.0,1059.6,14/12/2022,0.15,,
VN30F1M,1039.4,1058.0,13/12/2022,2.2,,
VN30F1M,1070.0,1035.2,12/12/2022,-3.25,,
VN30F1M,1058.8,1070.0,9/12/2022,1.42,,
VN30F1M,1052.8,1055.0,8/12/2022,0.16,,
VN30F1M,1040.0,1053.3,7/12/2022,0.7,,
VN30F1M,1103.0,1046.0,6/12/2022,-5.25,,
VN30F1M,1108.0,1104.0,5/12/2022,0.27,,
VN30F1M,1029.0,1101.0,2/12/2022,7.0,,
VN30F1M,1041.0,1029.0,1/12/2022,0.11,,
VN30F1M,1020.0,1027.9,30/11/2022,1.22,,
VN30F1M,992.3,1015.5,29/11/2022,2.19,,
VN30F1M,975.0,993.7,28/11/2022,2.55,,
VN30F1M,946.5,969.0,25/11/2022,3.21,,
VN30F1M,921.0,938.9,24/11/2022,1.6,,
VN30F1M,933.0,924.1,23/11/2022,-0.21,,
VN30F1M,933.0,926.0,22/11/2022,-1.3,,
VN30F1M,969.3,938.2,21/11/2022,-2.58,,
VN30F1M,960.1,963.0,18/11/2022,-0.98,,
VN30F1M,953.0,972.5,17/11/2022,1.56,,
VN30F1M,876.1,957.6,16/11/2022,6.99,,
VN30F1M,926.0,895.0,15/11/2022,-3.97,,
VN30F1M,934.0,932.0,14/11/2022,-0.64,,
VN30F1M,934.1,938.0,11/11/2022,2.76,,
VN30F1M,951.0,912.8,10/11/2022,-4.82,,
VN30F1M,976.9,959.0,9/11/2022,-1.35,,
VN30F1M,945.1,972.1,8/11/2022,2.33,,
VN30F1M,980.2,950.0,7/11/2022,-3.06,,
VN30F1M,995.2,980.0,4/11/2022,-2.11,,
VN30F1M,1011.0,1001.1,3/11/2022,-1.95,,
VN30F1M,1015.1,1021.0,2/11/2022,0.29,,
VN30F1M,1030.1,1018.0,1/11/2022,-0.59,,
VN30F1M,1023.8,1024.0,31/10/2022,0.29,,
VN30F1M,1027.2,1016.0,28/10/2022,-0.59,,
VN30F1M,975.5,1025.0,27/10/2022,,,
VN30F1M,970.0,967.5,26/10/2022,,,
VN30F1M,940.0,961.0,25/10/2022,,,
VN30F1M,995.5,942.0,24/10/2022,,,
VN30F1M,1038.6,985.0,21/10/2022,,,
VN30F1M,1045.2,1058.0,20/10/2022,,,
VN30F1M,1058.7,1053.0,19/10/2022,,,
VN30F1M,1055.1,1057.9,18/10/2022,,,
VN30F1M,1036.0,1050.0,17/10/2022,,,
VN30F1M,1060.0,1048.0,14/10/2022,,,
VN30F1M,1027.5,1039.6,13/10/2022,,,
VN30F1M,996.7,1025.1,12/10/2022,,,
VN30F1M,1024.0,989.0,11/10/2022,,,
VN30F1M,1010.1,1032.5,10/10/2022,,,
VN30F1M,1065.0,1032.2,7/10/2022,,,
VN30F1M,1118.5,1080.0,6/10/2022,,,
VN30F1M,1114.0,1115.2,5/10/2022,,,
VN30F1M,1113.5,1102.0,4/10/2022,,,
VN30F1M,1145.0,1102.6,3/10/2022,,,
VN30F1M,1143.9,1150.0,30/09/2022,,,
VN30F1M,1176.9,1148.0,29/09/2022,,,
VN30F1M,1173.5,1165.0,28/09/2022,,,
VN30F1M,1190.7,1185.0,27/09/2022,,,
VN30F1M,1199.0,1192.0,26/09/2022,,,
VN30F1M,1221.9,1210.0,23/09/2022,,,
VN30F1M,1208.0,1225.0,22/09/2022,,,
VN30F1M,1228.0,1219.6,21/09/2022,,,
VN30F1M,1228.0,1232.7,20/09/2022,,,
VN30F1M,1239.0,1223.5,19/09/2022,,,
VN30F1M,1254.1,1237.0,16/09/2022,,,
VN30F1M,1261.0,1262.2,15/09/2022,,,
VN30F1M,1252.0,1259.0,14/09/2022,,,
VN30F1M,1278.3,1272.0,13/09/2022,,,
VN30F1M,1281.0,1278.5,12/9/2022,,,
VN30F1M,1269.0,1275.0,9/9/2022,,,
VN30F1M,1269.5,1264.1,8/9/2022,,,
VN30F1M,1283.0,1265.0,7/9/2022,,,
VN30F1M,1287.5,1290.0,6/9/2022,,,
VN30F1M,1294.0,1286.0,5/9/2022,,,
VN30F1M,1282.0,1293.9,31/08/2022,,,
VN30F1M,1288.7,1287.0,30/08/2022,,,
VN30F1M,1270.9,1286.0,29/08/2022,,,
VN30F1M,1305.2,1293.0,26/08/2022,,,
VN30F1M,1287.0,1303.0,25/08/2022,,,
VN30F1M,1282.0,1285.2,24/08/2022,,,
VN30F1M,1265.7,1283.1,23/08/2022,,,
VN30F1M,1275.0,1271.0,22/08/2022,,,
VN30F1M,1292.1,1281.0,19/08/2022,,,
VN30F1M,1306.9,1304.8,18/08/2022,,,
VN30F1M,1299.8,1309.0,17/08/2022,,,
VN30F1M,1296.7,1296.9,16/08/2022,,,
VN30F1M,1285.2,1293.0,15/08/2022,,,
VN30F1M,1268.0,1280.1,12/8/2022,,,
VN30F1M,1282.7,1268.0,11/8/2022,,,
VN30F1M,1271.0,1270.6,10/8/2022,,,
VN30F1M,1264.5,1272.7,9/8/2022,,,
VN30F1M,1263.5,1266.0,8/8/2022,,,
VN30F1M,1259.0,1264.5,5/8/2022,,,
VN30F1M,1256.0,1257.5,4/8/2022,,,
VN30F1M,1245.4,1250.0,3/8/2022,,,
VN30F1M,1244.7,1245.9,2/8/2022,,,
VN30F1M,1232.1,1244.4,1/8/2022,,,
VN30F1M,1236.8,1230.7,29/07/2022,,,
VN30F1M,1228.8,1231.6,28/07/2022,,,
VN30F1M,1216.0,1223.0,27/07/2022,,,
VN30F1M,1222.1,1218.9,26/07/2022,,,
VN30F1M,1221.9,1221.9,25/07/2022,,,
VN30F1M,1230.5,1225.6,22/07/2022,,,
VN30F1M,1225.3,1234.1,21/07/2022,,,
VN30F1M,1223.5,1226.1,20/07/2022,,,
VN30F1M,1213.9,1213.0,19/07/2022,,,
VN30F1M,1218.2,1215.4,18/07/2022,,,
VN30F1M,1219.0,1210.1,15/07/2022,,,
VN30F1M,1206.8,1215.7,14/07/2022,,,
VN30F1M,1215.0,1210.0,13/07/2022,,,
VN30F1M,1202.0,1213.5,12/7/2022,,,
VN30F1M,1221.0,1200.7,11/7/2022,,,
VN30F1M,1230.5,1225.0,8/7/2022,,,
VN30F1M,1215.7,1225.0,7/7/2022,,,
VN30F1M,1234.8,1218.0,6/7/2022,,,
VN30F1M,1248.3,1234.9,5/7/2022,,,
VN30F1M,1247.0,1242.0,4/7/2022,,,
VN30F1M,1241.0,1242.0,1/7/2022,,,
VN30F1M,1262.0,1240.1,30/06/2022,,,
VN30F1M,1255.0,1260.5,29/06/2022,,,
VN30F1M,1246.0,1261.0,28/06/2022,,,
VN30F1M,1236.0,1247.9,27/06/2022,,,
VN30F1M,1236.0,1227.0,24/06/2022,,,
VN30F1M,1222.0,1227.8,23/06/2022,,,
VN30F1M,1233.7,1216.0,22/06/2022,,,
VN30F1M,1216.8,1228.0,21/06/2022,,,
VN30F1M,1244.8,1212.0,20/06/2022,,,
VN30F1M,1247.5,1245.2,17/06/2022,,,
VN30F1M,1261.0,1286.0,16/06/2022,,,
VN30F1M,1268.0,1251.3,15/06/2022,,,
VN30F1M,1254.8,1268.3,14/06/2022,,,
VN30F1M,1284.0,1260.2,13/06/2022,,,
VN30F1M,1328.0,1311.1,10/6/2022,,,
VN30F1M,1332.4,1335.3,9/6/2022,,,
VN30F1M,1321.0,1333.0,8/6/2022,,,
VN30F1M,1315.0,1315.0,7/6/2022,,,
VN30F1M,1320.7,1315.0,6/6/2022,,,
VN30F1M,1318.0,1318.5,3/6/2022,,,
VN30F1M,1311.0,1315.0,2/6/2022,,,
VN30F1M,1318.5,1326.0,1/6/2022,,,
VN30F1M,1326.2,1320.5,31/05/2022,,,
VN30F1M,1329.7,1325.6,30/05/2022,,,
VN30F1M,1306.1,1322.5,27/05/2022,,,
VN30F1M,1302.0,1300.9,26/05/2022,,,
VN30F1M,1275.0,1299.3,25/05/2022,,,
VN30F1M,1253.0,1267.0,24/05/2022,,,
VN30F1M,1289.0,1253.1,23/05/2022,,,
VN30F1M,1283.0,1276.8,20/05/2022,,,
VN30F1M,1255.0,1283.0,19/05/2022,,,
VN30F1M,1280.9,1281.0,18/05/2022,,,
VN30F1M,1220.0,1280.9,17/05/2022,,,
VN30F1M,1240.0,1212.0,16/05/2022,,,
VN30F1M,1272.0,1225.0,13/05/2022,,,
VN30F1M,1334.0,1270.0,12/5/2022,,,
VN30F1M,1335.0,1337.0,11/5/2022,,,
VN30F1M,1299.8,1335.0,10/5/2022,,,
VN30F1M,1353.7,1308.1,9/5/2022,,,
VN30F1M,1382.0,1362.0,6/5/2022,,,
VN30F1M,1392.0,1402.5,5/5/2022,,,
VN30F1M,1408.3,1383.0,4/5/2022,,,
VN30F1M,1395.0,1409.0,29/04/2022,,,
VN30F1M,1399.7,1392.0,28/04/2022,,,
VN30F1M,1379.0,1401.0,27/04/2022,,,
VN30F1M,1356.1,1391.0,26/04/2022,,,
VN30F1M,1442.9,1353.1,25/04/2022,,,
VN30F1M,1442.3,1445.0,22/04/2022,,,
VN30F1M,1443.9,1435.3,21/04/2022,,,
VN30F1M,1456.3,1440.0,20/04/2022,,,
VN30F1M,1476.3,1454.1,19/04/2022,,,
VN30F1M,1494.1,1473.1,18/04/2022,,,
VN30F1M,1511.8,1492.6,15/04/2022,,,
VN30F1M,1522.2,1512.5,14/04/2022,,,
VN30F1M,1511.4,1519.7,13/04/2022,,,
VN30F1M,1525.9,1509.4,12/4/2022,,,
VN30F1M,1528.4,1523.9,8/4/2022,,,
VN30F1M,1543.0,1529.8,7/4/2022,,,
VN30F1M,1519.0,1540.3,6/4/2022,,,
VN30F1M,1526.9,1525.3,5/4/2022,,,
VN30F1M,1529.4,1528.4,4/4/2022,,,
VN30F1M,1493.0,1525.0,1/4/2022,,,
VN30F1M,1492.0,1496.0,31/03/2022,,,
VN30F1M,1489.4,1489.8,30/03/2022,,,
VN30F1M,1485.5,1493.4,29/03/2022,,,
VN30F1M,1489.1,1483.5,28/03/2022,,,
VN30F1M,1497.1,1494.0,25/03/2022,,,
VN30F1M,1495.5,1494.0,24/03/2022,,,
VN30F1M,1502.7,1497.2,23/03/2022,,,
VN30F1M,1498.1,1500.0,22/03/2022,,,
VN30F1M,1479.7,1494.9,21/03/2022,,,
VN30F1M,1477.0,1478.1,18/03/2022,,,
VN30F1M,1477.5,1472.2,17/03/2022,,,
VN30F1M,1471.0,1471.8,16/03/2022,,,
VN30F1M,1462.1,1464.5,15/03/2022,,,
VN30F1M,1475.2,1463.4,14/03/2022,,,
VN30F1M,1486.7,1476.0,11/3/2022,,,
VN30F1M,1500.5,1490.0,10/3/2022,,,
VN30F1M,1494.0,1490.8,9/3/2022,,,
VN30F1M,1498.7,1490.3,8/3/2022,,,
VN30F1M,1496.0,1504.2,7/3/2022,,,
VN30F1M,1514.8,1513.0,4/3/2022,,,
VN30F1M,1508.5,1517.5,3/3/2022,,,
VN30F1M,1512.0,1502.0,2/3/2022,,,
VN30F1M,1517.8,1515.6,1/3/2022,,,
VN30F1M,1511.0,1511.2,28/02/2022,,,
VN30F1M,1526.0,1517.0,25/02/2022,,,
VN30F1M,1520.0,1514.7,24/02/2022,,,
VN30F1M,1526.1,1529.3,23/02/2022,,,
VN30F1M,1517.9,1517.5,22/02/2022,,,
VN30F1M,1523.2,1530.0,21/02/2022,,,
VN30F1M,1525.0,1525.0,18/02/2022,,,
VN30F1M,1522.0,1540.2,17/02/2022,,,
VN30F1M,1528.0,1521.0,16/02/2022,,,
VN30F1M,1511.1,1522.0,15/02/2022,,,
VN30F1M,1535.5,1510.1,14/02/2022,,,
VN30F1M,1538.9,1543.0,11/2/2022,,,
VN30F1M,1544.0,1542.5,10/2/2022,,,
VN30F1M,1540.0,1541.0,9/2/2022,,,
VN30F1M,1532.8,1535.5,8/2/2022,,,
VN30F1M,1543.9,1532.8,7/2/2022,,,
VN30F1M,1518.2,1528.0,28/01/2022,,,
VN30F1M,1513.3,1512.0,27/01/2022,,,
VN30F1M,1510.0,1519.0,26/01/2022,,,
VN30F1M,1468.7,1503.9,25/01/2022,,,
VN30F1M,1496.0,1468.2,24/01/2022,,,
VN30F1M,1493.0,1498.9,21/01/2022,,,
VN30F1M,1483.8,1492.6,20/01/2022,,,
VN30F1M,1482.9,1482.0,19/01/2022,,,
VN30F1M,1475.0,1481.0,18/01/2022,,,
VN30F1M,1522.9,1480.0,17/01/2022,,,
VN30F1M,1519.5,1520.1,14/01/2022,,,
VN30F1M,1530.1,1525.7,13/01/2022,,,
VN30F1M,1500.1,1528.9,12/1/2022,,,
VN30F1M,1515.0,1503.6,11/1/2022,,,
VN30F1M,1540.0,1513.1,10/1/2022,,,
VN30F1M,1547.9,1539.6,7/1/2022,,,
VN30F1M,1544.0,1545.1,6/1/2022,,,
VN30F1M,1557.6,1549.0,5/1/2022,,,
VN30F1M,1544.9,1558.5,4/1/2022,,,
VN30F1M,1527.9,1537.0,31/12/2021,,,
VN30F1M,1518.9,1525.5,30/12/2021,,,
VN30F1M,1522.0,1519.0,29/12/2021,,,
VN30F1M,1518.0,1520.2,28/12/2021,,,
VN30F1M,1513.5,1516.0,27/12/2021,,,
VN30F1M,1488.0,1509.0,24/12/2021,,,
VN30F1M,1506.7,1488.2,23/12/2021,,,
VN30F1M,1515.6,1508.0,22/12/2021,,,
VN30F1M,1511.0,1512.5,21/12/2021,,,
VN30F1M,1512.0,1508.0,20/12/2021,,,
VN30F1M,1514.0,1520.0,17/12/2021,,,
VN30F1M,1525.5,1510.0,16/12/2021,,,
VN30F1M,1518.5,1520.1,15/12/2021,,,
VN30F1M,1523.9,1518.5,14/12/2021,,,
VN30F1M,1526.9,1525.9,13/12/2021,,,
VN30F1M,1531.0,1520.5,10/12/2021,,,
VN30F1M,1512.8,1532.0,9/12/2021,,,
VN30F1M,1515.7,1511.0,8/12/2021,,,
VN30F1M,1490.0,1512.0,7/12/2021,,,
VN30F1M,1508.1,1480.2,6/12/2021,,,
VN30F1M,1545.0,1509.0,3/12/2021,,,
VN30F1M,1549.9,1540.0,2/12/2021,,,
VN30F1M,1536.9,1553.9,1/12/2021,,,
VN30F1M,1556.0,1537.1,30/11/2021,,,
VN30F1M,1548.0,1551.9,29/11/2021,,,
VN30F1M,1564.6,1556.7,26/11/2021,,,
VN30F1M,1564.5,1566.6,25/11/2021,,,
VN30F1M,1533.5,1562.1,24/11/2021,,,
VN30F1M,1512.6,1528.9,23/11/2021,,,
VN30F1M,1503.6,1512.5,22/11/2021,,,
VN30F1M,1505.8,1502.5,19/11/2021,,,
VN30F1M,1521.9,1504.1,18/11/2021,,,
VN30F1M,1516.1,1520.4,17/11/2021,,,
VN30F1M,1527.8,1517.3,16/11/2021,,,
VN30F1M,1533.0,1527.8,15/11/2021,,,
VN30F1M,1514.6,1530.7,12/11/2021,,,
VN30F1M,1527.6,1513.0,11/11/2021,,,
VN30F1M,1525.0,1529.3,10/11/2021,,,
VN30F1M,1538.0,1525.5,9/11/2021,,,
VN30F1M,1537.6,1537.7,8/11/2021,,,
VN30F1M,1529.3,1535.1,5/11/2021,,,
VN30F1M,1530.5,1529.8,4/11/2021,,,
VN30F1M,1524.4,1528.5,3/11/2021,,,
VN30F1M,1522.0,1524.1,2/11/2021,,,
VN30F1M,1535.0,1522.7,1/11/2021,,,
VN30F1M,1532.0,1533.7,29/10/2021,,,
VN30F1M,1523.3,1532.3,28/10/2021,,,
VN30F1M,1488.3,1523.3,27/10/2021,,,
VN30F1M,1477.0,1489.0,26/10/2021,,,
VN30F1M,1495.0,1478.0,25/10/2021,,,
VN30F1M,1495.2,1491.7,22/10/2021,,,
VN30F1M,1507.2,1489.0,21/10/2021,,,
VN30F1M,1513.0,1504.0,20/10/2021,,,
VN30F1M,1511.1,1510.6,19/10/2021,,,
VN30F1M,1505.1,1510.5,18/10/2021,,,
VN30F1M,1510.0,1504.5,15/10/2021,,,
VN30F1M,1508.5,1505.9,14/10/2021,,,
VN30F1M,1513.0,1503.1,13/10/2021,,,
VN30F1M,1513.5,1510.0,12/10/2021,,,
VN30F1M,1475.5,1513.5,11/10/2021,,,
VN30F1M,1458.0,1474.5,8/10/2021,,,
VN30F1M,1457.4,1454.8,7/10/2021,,,
VN30F1M,1451.2,1452.0,6/10/2021,,,
VN30F1M,1437.9,1449.0,5/10/2021,,,
VN30F1M,1441.0,1440.3,4/10/2021,,,
VN30F1M,1441.0,1440.8,1/10/2021,,,
VN30F1M,1451.0,1452.0,30/09/2021,,,
VN30F1M,1449.1,1449.2,29/09/2021,,,
VN30F1M,1430.0,1454.4,28/09/2021,,,
VN30F1M,1452.3,1434.0,27/09/2021,,,
VN30F1M,1454.6,1449.9,24/09/2021,,,
VN30F1M,1447.8,1450.0,23/09/2021,,,
VN30F1M,1441.4,1440.8,22/09/2021,,,
VN30F1M,1446.0,1440.0,21/09/2021,,,
VN30F1M,1460.0,1452.0,20/09/2021,,,
VN30F1M,1444.3,1456.8,17/09/2021,,,
VN30F1M,1447.9,1449.8,16/09/2021,,,
VN30F1M,1437.5,1447.5,15/09/2021,,,
VN30F1M,1441.0,1436.5,14/09/2021,,,
VN30F1M,1445.3,1442.0,13/09/2021,,,
VN30F1M,1447.2,1447.1,10/9/2021,,,
VN30F1M,1430.7,1446.0,9/9/2021,,,
VN30F1M,1441.7,1431.1,8/9/2021,,,
VN30F1M,1445.2,1441.0,7/9/2021,,,
VN30F1M,1433.8,1444.6,6/9/2021,,,
VN30F1M,1427.1,1428.6,1/9/2021,,,
VN30F1M,1433.1,1427.0,31/08/2021,,,
VN30F1M,1423.0,1432.9,30/08/2021,,,
VN30F1M,1409.5,1420.0,27/08/2021,,,
VN30F1M,1430.4,1406.7,26/08/2021,,,
VN30F1M,1417.8,1431.5,25/08/2021,,,
VN30F1M,1415.0,1415.1,24/08/2021,,,
VN30F1M,1444.4,1411.2,23/08/2021,,,
VN30F1M,1492.8,1443.7,20/08/2021,,,
VN30F1M,1493.0,1500.0,19/08/2021,,,
VN30F1M,1495.0,1490.9,18/08/2021,,,
VN30F1M,1507.8,1493.0,17/08/2021,,,
VN30F1M,1485.2,1503.0,16/08/2021,,,
VN30F1M,1480.0,1485.0,13/08/2021,,,
VN30F1M,1486.9,1477.1,12/8/2021,,,
VN30F1M,1496.0,1486.0,11/8/2021,,,
VN30F1M,1501.2,1494.1,10/8/2021,,,
VN30F1M,1469.9,1500.5,9/8/2021,,,
VN30F1M,1487.3,1472.9,6/8/2021,,,
VN30F1M,1468.0,1487.1,5/8/2021,,,
VN30F1M,1473.0,1470.9,4/8/2021,,,
VN30F1M,1449.7,1475.0,3/8/2021,,,
VN30F1M,1446.6,1447.9,2/8/2021,,,
VN30F1M,1430.6,1445.0,30/07/2021,,,
VN30F1M,1416.0,1431.1,29/07/2021,,,
VN30F1M,1405.1,1407.8,28/07/2021,,,
VN30F1M,1413.0,1405.3,27/07/2021,,,
VN30F1M,1399.9,1408.1,26/07/2021,,,
VN30F1M,1424.8,1401.0,23/07/2021,,,
VN30F1M,1404.6,1427.1,22/07/2021,,,
VN30F1M,1411.0,1402.0,21/07/2021,,,
VN30F1M,1374.0,1405.0,20/07/2021,,,
VN30F1M,1414.8,1368.0,19/07/2021,,,
VN30F1M,1435.1,1440.0,16/07/2021,,,
VN30F1M,1410.8,1431.8,15/07/2021,,,
VN30F1M,1448.5,1409.0,14/07/2021,,,
VN30F1M,1442.0,1446.9,13/07/2021,,,
VN30F1M,1503.0,1443.9,12/7/2021,,,
VN30F1M,1509.0,1497.0,9/7/2021,,,
VN30F1M,1532.5,1513.0,8/7/2021,,,
VN30F1M,1515.0,1535.0,7/7/2021,,,
VN30F1M,1566.0,1501.0,6/7/2021,,,
VN30F1M,1560.0,1568.0,5/7/2021,,,
VN30F1M,1551.0,1556.1,2/7/2021,,,
VN30F1M,1532.0,1549.0,1/7/2021,,,
VN30F1M,1534.1,1529.2,30/06/2021,,,
VN30F1M,1524.1,1533.9,29/06/2021,,,
VN30F1M,1509.1,1523.8,28/06/2021,,,
VN30F1M,1496.5,1505.0,25/06/2021,,,
VN30F1M,1497.6,1488.0,24/06/2021,,,
VN30F1M,1492.5,1490.4,23/06/2021,,,
VN30F1M,1484.8,1490.4,22/06/2021,,,
VN30F1M,1476.0,1474.1,21/06/2021,,,
VN30F1M,1470.0,1485.0,18/06/2021,,,
VN30F1M,1462.0,1463.9,17/06/2021,,,
VN30F1M,1490.7,1468.9,16/06/2021,,,
VN30F1M,1498.1,1491.0,15/06/2021,,,
VN30F1M,1494.2,1497.5,14/06/2021,,,
VN30F1M,1458.9,1493.2,11/6/2021,,,
VN30F1M,1460.9,1453.0,10/6/2021,,,
VN30F1M,1439.9,1459.0,9/6/2021,,,
VN30F1M,1488.1,1429.9,8/6/2021,,,
VN30F1M,1507.0,1485.0,7/6/2021,,,
VN30F1M,1504.6,1505.9,4/6/2021,,,
VN30F1M,1486.5,1504.0,3/6/2021,,,
VN30F1M,1487.5,1481.8,2/6/2021,,,
VN30F1M,1485.0,1487.6,1/6/2021,,,
VN30F1M,1459.9,1479.5,31/05/2021,,,
VN30F1M,1434.2,1462.5,28/05/2021,,,
VN30F1M,1453.0,1430.0,27/05/2021,,,
VN30F1M,1439.0,1453.0,26/05/2021,,,
VN30F1M,1427.0,1438.0,25/05/2021,,,
VN30F1M,1415.0,1426.0,24/05/2021,,,
VN30F1M,1412.4,1414.0,21/05/2021,,,
VN30F1M,1407.1,1425.0,20/05/2021,,,
VN30F1M,1373.3,1404.9,19/05/2021,,,
VN30F1M,1371.9,1375.0,18/05/2021,,,
VN30F1M,1382.1,1367.0,17/05/2021,,,
VN30F1M,1372.2,1374.0,14/05/2021,,,
VN30F1M,1376.0,1363.9,13/05/2021,,,
VN30F1M,1347.5,1382.1,12/5/2021,,,
VN30F1M,1373.5,1350.1,11/5/2021,,,
VN30F1M,1323.2,1375.0,10/5/2021,,,
VN30F1M,1336.2,1323.8,7/5/2021,,,
VN30F1M,1340.6,1336.5,6/5/2021,,,
VN30F1M,1323.2,1335.9,5/5/2021,,,
VN30F1M,1278.0,1320.0,4/5/2021,,,
VN30F1M,1285.0,1301.0,29/04/2021,,,
VN30F1M,1268.0,1275.0,28/04/2021,,,
VN30F1M,1253.0,1265.0,27/04/2021,,,
VN30F1M,1297.0,1254.0,26/04/2021,,,
VN30F1M,1260.9,1296.7,23/04/2021,,,
VN30F1M,1301.0,1261.2,22/04/2021,,,
VN30F1M,1316.0,1300.0,20/04/2021,,,
VN30F1M,1276.0,1312.0,19/04/2021,,,
VN30F1M,1283.5,1273.5,16/04/2021,,,
VN30F1M,1294.8,1283.9,15/04/2021,,,
VN30F1M,1268.0,1292.0,14/04/2021,,,
VN30F1M,1280.2,1271.0,13/04/2021,,,
VN30F1M,1260.0,1274.6,12/4/2021,,,
VN30F1M,1244.8,1251.9,9/4/2021,,,
VN30F1M,1253.1,1243.2,8/4/2021,,,
VN30F1M,1249.5,1252.0,7/4/2021,,,
VN30F1M,1256.8,1252.1,6/4/2021,,,
VN30F1M,1241.0,1257.0,5/4/2021,,,
VN30F1M,1241.0,1234.0,2/4/2021,,,
VN30F1M,1193.0,1235.5,1/4/2021,,,
VN30F1M,1192.5,1191.9,31/03/2021,,,
VN30F1M,1182.8,1191.2,30/03/2021,,,
VN30F1M,1176.8,1183.0,29/03/2021,,,
VN30F1M,1164.2,1173.0,26/03/2021,,,
VN30F1M,1172.0,1162.0,25/03/2021,,,
VN30F1M,1178.5,1170.9,24/03/2021,,,
VN30F1M,1195.7,1184.5,23/03/2021,,,
VN30F1M,1207.6,1192.4,22/03/2021,,,
VN30F1M,1203.9,1208.0,19/03/2021,,,
VN30F1M,1204.1,1211.5,18/03/2021,,,
VN30F1M,1184.1,1197.8,17/03/2021,,,
VN30F1M,1191.1,1186.2,16/03/2021,,,
VN30F1M,1189.0,1188.8,15/03/2021,,,
VN30F1M,1192.9,1190.0,12/3/2021,,,
VN30F1M,1185.0,1191.3,11/3/2021,,,
VN30F1M,1161.9,1178.9,10/3/2021,,,
VN30F1M,1165.1,1158.5,9/3/2021,,,
VN30F1M,1180.6,1165.0,8/3/2021,,,
VN30F1M,1168.9,1169.0,5/3/2021,,,
VN30F1M,1195.9,1181.3,4/3/2021,,,
VN30F1M,1192.2,1199.5,3/3/2021,,,
VN30F1M,1198.1,1194.0,2/3/2021,,,
VN30F1M,1183.5,1193.0,1/3/2021,,,
VN30F1M,1161.8,1174.0,26/02/2021,,,
VN30F1M,1177.0,1182.0,25/02/2021,,,
VN30F1M,1191.3,1162.0,24/02/2021,,,
VN30F1M,1178.1,1186.4,23/02/2021,,,
VN30F1M,1182.4,1173.1,22/02/2021,,,
VN30F1M,1176.0,1178.0,19/02/2021,,,
VN30F1M,1183.0,1187.3,18/02/2021,,,
VN30F1M,1140.5,1176.6,17/02/2021,,,
VN30F1M,1100.0,1130.3,9/2/2021,,,
VN30F1M,1138.2,1092.0,8/2/2021,,,
VN30F1M,1125.0,1139.9,5/2/2021,,,
VN30F1M,1126.6,1115.0,4/2/2021,,,
VN30F1M,1100.2,1124.9,3/2/2021,,,
VN30F1M,1039.0,1092.0,2/2/2021,,,
VN30F1M,1065.0,1030.0,1/2/2021,,,
VN30F1M,974.0,1076.9,29/01/2021,,,
VN30F1M,1050.0,1006.5,28/01/2021,,,
VN30F1M,1127.5,1082.2,27/01/2021,,,
VN30F1M,1171.8,1133.0,26/01/2021,,,
VN30F1M,1172.0,1173.1,25/01/2021,,,
VN30F1M,1183.0,1173.5,22/01/2021,,,
VN30F1M,1128.8,1150.7,21/01/2021,,,
VN30F1M,1110.0,1125.0,20/01/2021,,,
VN30F1M,1178.0,1104.8,19/01/2021,,,
VN30F1M,1193.1,1177.0,18/01/2021,,,
VN30F1M,1191.3,1190.5,15/01/2021,,,
VN30F1M,1190.8,1188.9,14/01/2021,,,
VN30F1M,1195.0,1192.0,13/01/2021,,,
VN30F1M,1197.9,1191.9,12/1/2021,,,
VN30F1M,1180.9,1193.1,11/1/2021,,,
VN30F1M,1146.7,1176.6,8/1/2021,,,
VN30F1M,1134.8,1143.5,7/1/2021,,,
VN30F1M,1116.5,1125.0,6/1/2021,,,
VN30F1M,1106.5,1111.0,5/1/2021,,,
VN30F1M,1091.0,1109.4,4/1/2021,,,
VN30F1M,1072.4,1083.9,31/12/2020,,,
VN30F1M,1066.0,1070.1,30/12/2020,,,
VN30F1M,1066.0,1067.1,29/12/2020,,,
VN30F1M,1069.5,1066.0,28/12/2020,,,
VN30F1M,1045.0,1064.9,25/12/2020,,,
VN30F1M,1058.5,1042.6,24/12/2020,,,
VN30F1M,1063.0,1055.0,23/12/2020,,,
VN30F1M,1057.0,1060.3,22/12/2020,,,
VN30F1M,1043.2,1057.0,21/12/2020,,,
VN30F1M,1026.0,1043.5,18/12/2020,,,
VN30F1M,1025.0,1016.3,17/12/2020,,,
VN30F1M,1018.6,1028.0,16/12/2020,,,
VN30F1M,1026.5,1014.7,15/12/2020,,,
VN30F1M,1012.1,1026.0,14/12/2020,,,
VN30F1M,1003.0,1008.1,11/12/2020,,,
VN30F1M,1007.5,1002.0,10/12/2020,,,
VN30F1M,995.0,1008.0,9/12/2020,,,
VN30F1M,994.4,993.0,8/12/2020,,,
VN30F1M,989.5,994.5,7/12/2020,,,
VN30F1M,989.2,987.0,4/12/2020,,,
VN30F1M,980.1,988.0,3/12/2020,,,
VN30F1M,979.5,979.0,2/12/2020,,,
VN30F1M,960.5,980.3,1/12/2020,,,
VN30F1M,975.5,966.0,30/11/2020,,,
VN30F1M,970.2,974.5,27/11/2020,,,
VN30F1M,959.9,970.2,26/11/2020,,,
VN30F1M,966.2,960.0,25/11/2020,,,
VN30F1M,960.9,964.0,24/11/2020,,,
VN30F1M,952.9,959.4,23/11/2020,,,
VN30F1M,950.1,952.4,20/11/2020,,,
VN30F1M,935.9,944.2,19/11/2020,,,
VN30F1M,938.0,936.0,18/11/2020,,,
VN30F1M,918.0,938.0,17/11/2020,,,
VN30F1M,941.0,916.9,16/11/2020,,,
VN30F1M,927.1,935.9,13/11/2020,,,
VN30F1M,921.0,927.9,12/11/2020,,,
VN30F1M,922.5,921.4,11/11/2020,,,
VN30F1M,934.5,921.0,10/11/2020,,,
VN30F1M,914.0,923.0,9/11/2020,,,
VN30F1M,911.2,908.3,6/11/2020,,,
VN30F1M,914.4,910.2,5/11/2020,,,
VN30F1M,908.3,912.3,4/11/2020,,,
VN30F1M,909.0,908.3,3/11/2020,,,
VN30F1M,900.1,904.0,2/11/2020,,,
VN30F1M,891.0,896.6,30/10/2020,,,
VN30F1M,892.0,887.5,29/10/2020,,,
VN30F1M,921.3,895.9,28/10/2020,,,
VN30F1M,926.9,920.0,27/10/2020,,,
VN30F1M,935.9,927.0,26/10/2020,,,
VN30F1M,927.0,935.0,23/10/2020,,,
VN30F1M,906.5,924.0,22/10/2020,,,
VN30F1M,913.8,908.5,21/10/2020,,,
VN30F1M,900.5,911.2,20/10/2020,,,
VN30F1M,898.0,903.4,19/10/2020,,,
VN30F1M,893.0,895.1,16/10/2020,,,
VN30F1M,898.0,899.2,15/10/2020,,,
VN30F1M,876.6,894.8,14/10/2020,,,
VN30F1M,874.0,876.4,13/10/2020,,,
VN30F1M,875.0,875.0,12/10/2020,,,
VN30F1M,869.3,871.6,9/10/2020,,,
VN30F1M,869.0,868.7,8/10/2020,,,
VN30F1M,867.2,867.0,7/10/2020,,,
VN30F1M,871.8,867.7,6/10/2020,,,
VN30F1M,866.8,868.8,5/10/2020,,,
VN30F1M,864.0,867.0,1/10/2020,,,
VN30F1M,855.0,859.8,30/09/2020,,,
VN30F1M,865.0,854.1,29/09/2020,,,
VN30F1M,858.2,862.9,28/09/2020,,,
VN30F1M,856.0,854.9,25/09/2020,,,
VN30F1M,850.0,853.1,24/09/2020,,,
VN30F1M,854.3,854.1,23/09/2020,,,
VN30F1M,846.3,850.0,22/09/2020,,,
VN30F1M,846.2,848.0,21/09/2020,,,
VN30F1M,834.9,846.3,18/09/2020,,,
VN30F1M,833.3,831.0,17/09/2020,,,
VN30F1M,832.1,834.6,16/09/2020,,,
VN30F1M,834.0,833.0,15/09/2020,,,
VN30F1M,832.1,834.0,14/09/2020,,,
VN30F1M,825.0,827.9,11/9/2020,,,
VN30F1M,831.4,823.5,10/9/2020,,,
VN30F1M,819.0,830.0,9/9/2020,,,
VN30F1M,824.8,829.5,8/9/2020,,,
VN30F1M,848.0,821.7,7/9/2020,,,
VN30F1M,838.6,844.8,4/9/2020,,,
VN30F1M,847.4,850.0,3/9/2020,,,
VN30F1M,821.7,837.4,1/9/2020,,,
VN30F1M,822.3,823.0,28/08/2020,,,
VN30F1M,812.5,813.2,26/08/2020,,,
VN30F1M,824.0,813.0,25/08/2020,,,
VN30F1M,801.1,815.5,24/08/2020,,,
VN30F1M,785.2,792.9,21/08/2020,,,
VN30F1M,789.6,785.0,20/08/2020,,,
VN30F1M,788.8,793.0,19/08/2020,,,
VN30F1M,794.0,788.0,18/08/2020,,,
VN30F1M,792.7,792.5,17/08/2020,,,
VN30F1M,798.7,793.5,14/08/2020,,,
VN30F1M,793.8,798.3,13/08/2020,,,
VN30F1M,783.0,791.0,12/8/2020,,,
VN30F1M,787.9,787.0,11/8/2020,,,
VN30F1M,787.2,782.4,10/8/2020,,,
VN30F1M,773.0,780.6,7/8/2020,,,
VN30F1M,777.6,776.0,6/8/2020,,,
VN30F1M,758.7,777.5,5/8/2020,,,
VN30F1M,758.0,762.0,4/8/2020,,,
VN30F1M,732.0,742.0,3/8/2020,,,
VN30F1M,718.0,725.0,31/07/2020,,,
VN30F1M,726.3,730.2,30/07/2020,,,
VN30F1M,728.0,720.7,29/07/2020,,,
VN30F1M,715.0,741.7,28/07/2020,,,
VN30F1M,746.0,711.6,27/07/2020,,,
VN30F1M,792.6,765.0,24/07/2020,,,
VN30F1M,793.5,797.1,23/07/2020,,,
VN30F1M,804.0,794.5,22/07/2020,,,
VN30F1M,799.0,805.0,21/07/2020,,,
VN30F1M,804.9,796.5,20/07/2020,,,
VN30F1M,811.0,807.9,17/07/2020,,,
VN30F1M,814.1,816.0,16/07/2020,,,
VN30F1M,815.0,817.0,15/07/2020,,,
VN30F1M,799.5,804.2,14/07/2020,,,
VN30F1M,811.0,803.0,13/07/2020,,,
VN30F1M,819.7,803.7,10/7/2020,,,
VN30F1M,801.9,815.2,9/7/2020,,,
VN30F1M,793.1,802.1,8/7/2020,,,
VN30F1M,797.8,794.0,7/7/2020,,,
VN30F1M,780.3,798.3,6/7/2020,,,
VN30F1M,774.8,772.8,3/7/2020,,,
VN30F1M,770.6,773.0,2/7/2020,,,
VN30F1M,755.9,768.6,1/7/2020,,,
VN30F1M,769.0,752.5,30/06/2020,,,
VN30F1M,776.7,763.0,29/06/2020,,,
VN30F1M,787.8,778.1,26/06/2020,,,
VN30F1M,776.2,781.0,25/06/2020,,,
VN30F1M,796.0,785.0,24/06/2020,,,
VN30F1M,791.1,796.0,23/06/2020,,,
VN30F1M,800.2,797.9,22/06/2020,,,
VN30F1M,790.0,798.6,19/06/2020,,,
VN30F1M,794.1,797.1,18/06/2020,,,
VN30F1M,798.8,800.7,17/06/2020,,,
VN30F1M,793.9,798.0,16/06/2020,,,
VN30F1M,796.5,775.0,15/06/2020,,,
VN30F1M,783.5,805.0,12/6/2020,,,
VN30F1M,833.9,795.0,11/6/2020,,,
VN30F1M,829.5,839.3,10/6/2020,,,
VN30F1M,836.5,827.0,9/6/2020,,,
VN30F1M,832.0,836.5,8/6/2020,,,
VN30F1M,813.0,825.0,5/6/2020,,,
VN30F1M,820.1,819.0,3/6/2020,,,
VN30F1M,813.9,808.1,2/6/2020,,,
VN30F1M,794.9,811.0,1/6/2020,,,
VN30F1M,788.6,785.0,29/05/2020,,,
VN30F1M,788.0,790.0,28/05/2020,,,
VN30F1M,810.9,782.9,27/05/2020,,,
VN30F1M,790.0,809.4,26/05/2020,,,
VN30F1M,776.5,782.0,25/05/2020,,,
VN30F1M,789.0,768.9,22/05/2020,,,
VN30F1M,807.5,864.0,21/05/2020,,,
VN30F1M,799.0,807.5,20/05/2020,,,
VN30F1M,805.3,799.5,19/05/2020,,,
VN30F1M,769.8,788.0,18/05/2020,,,
VN30F1M,773.0,766.7,15/05/2020,,,
VN30F1M,762.1,768.0,14/05/2020,,,
VN30F1M,755.0,770.3,13/05/2020,,,
VN30F1M,759.1,759.1,12/5/2020,,,
VN30F1M,758.3,762.2,11/5/2020,,,
VN30F1M,748.0,744.0,8/5/2020,,,
VN30F1M,718.0,742.0,7/5/2020,,,
VN30F1M,696.0,718.0,6/5/2020,,,
VN30F1M,689.0,695.3,5/5/2020,,,
VN30F1M,680.1,684.0,4/5/2020,,,
VN30F1M,696.0,702.5,29/04/2020,,,
VN30F1M,689.0,694.0,28/04/2020,,,
VN30F1M,706.9,692.5,27/04/2020,,,
VN30F1M,680.0,697.1,24/04/2020,,,
VN30F1M,691.0,678.9,23/04/2020,,,
VN30F1M,662.6,686.9,22/04/2020,,,
VN30F1M,703.5,670.1,21/04/2020,,,
VN30F1M,713.5,710.0,20/04/2020,,,
VN30F1M,723.0,716.5,17/04/2020,,,
VN30F1M,716.9,725.2,16/04/2020,,,
VN30F1M,705.9,717.5,15/04/2020,,,
VN30F1M,697.1,705.2,14/04/2020,,,
VN30F1M,676.1,689.7,13/04/2020,,,
VN30F1M,680.2,682.0,10/4/2020,,,
VN30F1M,681.0,680.2,9/4/2020,,,
VN30F1M,661.0,675.0,8/4/2020,,,
VN30F1M,675.8,677.0,7/4/2020,,,
VN30F1M,639.9,656.8,6/4/2020,,,
VN30F1M,604.0,613.9,3/4/2020,,,
VN30F1M,583.0,590.0,1/4/2020,,,
VN30F1M,592.0,578.7,31/03/2020,,,
VN30F1M,604.9,583.0,30/03/2020,,,
VN30F1M,632.3,615.0,27/03/2020,,,
VN30F1M,642.1,626.1,26/03/2020,,,
VN30F1M,639.9,648.3,25/03/2020,,,
VN30F1M,634.5,626.0,24/03/2020,,,
VN30F1M,642.0,625.1,23/03/2020,,,
VN30F1M,672.8,672.1,20/03/2020,,,
VN30F1M,686.0,678.0,19/03/2020,,,
VN30F1M,699.9,688.0,18/03/2020,,,
VN30F1M,682.0,700.6,17/03/2020,,,
VN30F1M,699.0,674.9,16/03/2020,,,
VN30F1M,668.0,712.3,13/03/2020,,,
VN30F1M,718.0,694.0,12/3/2020,,,
VN30F1M,778.9,745.0,11/3/2020,,,
VN30F1M,768.0,781.5,10/3/2020,,,
VN30F1M,796.2,774.1,9/3/2020,,,
VN30F1M,828.9,832.3,6/3/2020,,,
VN30F1M,845.1,836.0,5/3/2020,,,
VN30F1M,836.2,841.1,4/3/2020,,,
VN30F1M,846.5,838.0,3/3/2020,,,
VN30F1M,834.8,839.6,2/3/2020,,,
VN30F1M,833.0,830.1,28/02/2020,,,
VN30F1M,834.5,847.2,27/02/2020,,,
VN30F1M,825.0,836.6,26/02/2020,,,
VN30F1M,825.0,841.0,25/02/2020,,,
VN30F1M,850.0,829.0,24/02/2020,,,
VN30F1M,868.0,862.8,21/02/2020,,,
VN30F1M,867.5,871.7,20/02/2020,,,
VN30F1M,857.9,865.8,19/02/2020,,,
VN30F1M,862.7,856.0,18/02/2020,,,
VN30F1M,863.2,863.8,17/02/2020,,,
VN30F1M,859.5,861.8,14/02/2020,,,
VN30F1M,855.5,855.1,13/02/2020,,,
VN30F1M,849.1,856.6,12/2/2020,,,
VN30F1M,849.0,850.3,11/2/2020,,,
VN30F1M,851.0,846.1,10/2/2020,,,
VN30F1M,856.4,857.0,7/2/2020,,,
VN30F1M,846.0,860.5,6/2/2020,,,
VN30F1M,848.5,841.8,5/2/2020,,,
VN30F1M,844.8,842.2,4/2/2020,,,
VN30F1M,847.1,841.0,3/2/2020,,,
VN30F1M,879.0,852.0,31/01/2020,,,
VN30F1M,903.6,873.0,30/01/2020,,,
VN30F1M,902.7,909.0,22/01/2020,,,
VN30F1M,896.0,902.2,21/01/2020,,,
VN30F1M,893.0,896.9,20/01/2020,,,
VN30F1M,895.0,893.5,17/01/2020,,,
VN30F1M,886.5,892.1,16/01/2020,,,
VN30F1M,882.0,883.8,15/01/2020,,,
VN30F1M,880.5,882.3,14/01/2020,,,
VN30F1M,881.0,879.5,13/01/2020,,,
VN30F1M,876.1,878.7,10/1/2020,,,
VN30F1M,869.1,874.8,9/1/2020,,,
VN30F1M,868.0,863.7,8/1/2020,,,
VN30F1M,873.9,875.0,7/1/2020,,,
VN30F1M,877.5,872.0,6/1/2020,,,
VN30F1M,887.1,879.5,3/1/2020,,,
VN30F1M,877.5,886.3,2/1/2020,,,
